ou;firstname;lastname;department;password;username
OU=Direction,DC=thunderbirds,DC=local;Paul;Astreide;Responsable;TaiGRETA2020;Paul
OU=Direction,DC=thunderbirds,DC=local;Catherine;Tramell;Secretaire;TaiGRETA2020;Catherine
OU=Direction,DC=thunderbirds,DC=local;John;Connor;Membre;TaiGRETA2020;John
OU=Direction,DC=thunderbirds,DC=local;Jean-Claude;Dusse;Membre;TaiGRETA2020;Jean-Claude
OU=Commercial,DC=thunderbirds,DC=local;Axel;Foley;Responsable;TaiGRETA2020;Axel
OU=Commercial,DC=thunderbirds,DC=local;Daisy;Duke;Secretaire;TaiGRETA2020;Daisy
OU=Commercial,DC=thunderbirds,DC=local;Molly;Jensen;Membre;TaiGRETA2020;Molly
OU=Commercial,DC=thunderbirds,DC=local;Pete;Mitchell;Membre;TaiGRETA2020;Pete
OU=Comptabilité,DC=thunderbirds,DC=local;Peter;Parker;Responsable;TaiGRETA2020;Peter
OU=Comptabilité,DC=thunderbirds,DC=local;Claire;Bennet;Secretaire;TaiGRETA2020;Claire
OU=Comptabilité,DC=thunderbirds,DC=local;Jack;Sparrow;Membre;TaiGRETA2020;Jack
OU=Comptabilité,DC=thunderbirds,DC=local;Chandler;Bing;Membre;TaiGRETA2020;Chandler
OU=Comptabilité,DC=thunderbirds,DC=local;Thomas;Anderson;Responsable;TaiGRETA2020;Thomas
OU=Comptabilité,DC=thunderbirds,DC=local;Philippe;Abrams;Secretaire;TaiGRETA2020;Philippe
OU=Comptabilité,DC=thunderbirds,DC=local;Emmet;Brown;Administrateur;TaiGRETA2020;Emmet
OU=Comptabilité,DC=thunderbirds,DC=local;Han;Solo;Administrateur;TaiGRETA2020;Han
OU=Comptabilité,DC=thunderbirds,DC=local;Marion;Fy;Administrateur;TaiGRETA2020;Marion
OU=R&D,DC=thunderbirds,DC=local;Bruce;Wayne;Responsable;TaiGRETA2020;Bruce
OU=R&D,DC=thunderbirds,DC=local;Clarice;Starling;Secretaire;TaiGRETA2020;Clarice
OU=R&D,DC=thunderbirds,DC=local;John;McLane;Membre;TaiGRETA2020;John
OU=R&D,DC=thunderbirds,DC=local;Keyser;Söze;Membre;TaiGRETA2020;Keyser
OU=Production,DC=thunderbirds,DC=local;Gérard;Lambert;Responsable;TaiGRETA2020;Gérard
OU=Production,DC=thunderbirds,DC=local;Just;Leblanc;Secretaire;TaiGRETA2020;Just
OU=Production,DC=thunderbirds,DC=local;François;Pignon;Membre;TaiGRETA2020;François
OU=Production,DC=thunderbirds,DC=local;Korben;Dallas;Membre;TaiGRETA2020;Korben
OU=Sécurité,DC=thunderbirds,DC=local;Martin;Riggs;Responsable;TaiGRETA2020;Martin
OU=Sécurité,DC=thunderbirds,DC=local;Ellen;Ripley;Secretaire;TaiGRETA2020;Ellen
OU=Sécurité,DC=thunderbirds,DC=local;Dominic;Toretto;Membre;TaiGRETA2020;Dominic
OU=Sécurité,DC=thunderbirds,DC=local;Harry;Callahan;Membre;TaiGRETA2020;Harry
